{
    "loss": 8.431026458740234,
    "accuracy": 0.5686274766921997
}