{
    "loss": 26.845169067382812,
    "accuracy": 0.5686274766921997
}